N¬∫,Timestamp,SessionId,Etapa Actual,Input Usuario,Trigger Detectado,Respuesta del Bot,Siguiente Etapa,Acci√≥n Servidor,Duraci√≥n (ms)
1,2025-11-23T22:29:33.724Z,srv-1763936973716-176c7dc40da6d238b60562637020c40086d27493e8ac1bf59d7e10ca96f59a9e,ASK_LANGUAGE,,invalid_language,"‚ö†Ô∏è No entend√≠ el idioma. Por favor, eleg√≠ una opci√≥n: ‚ö†Ô∏è I didn't understand the language. Please choose an option:",ASK_LANGUAGE,retry_language,4
2,2025-11-23T22:29:34.250Z,srv-1763936974247-e3698a9122d079bc231ff8175d31ea2130308354320f5f41063c35b83d24287e,ASK_LANGUAGE,,invalid_language,"‚ö†Ô∏è No entend√≠ el idioma. Por favor, eleg√≠ una opci√≥n: ‚ö†Ô∏è I didn't understand the language. Please choose an option:",ASK_LANGUAGE,retry_language,2
3,2025-11-23T22:29:34.768Z,srv-1763936974767-30eecb3844658dc85149c01891d375a008215cdd60476432e6b9c7095e7ae789,ASK_LANGUAGE,,invalid_language,"‚ö†Ô∏è No entend√≠ el idioma. Por favor, eleg√≠ una opci√≥n: ‚ö†Ô∏è I didn't understand the language. Please choose an option:",ASK_LANGUAGE,retry_language,0
4,2025-11-23T22:29:35.294Z,srv-1763936975292-6eddfe69c0edf3e6acde66dbfe037ce198d198f6e7c4dbac30d566305412e211,ASK_LANGUAGE,mi compu no enciende,invalid_language,"‚ö†Ô∏è No entend√≠ el idioma. Por favor, eleg√≠ una opci√≥n: ‚ö†Ô∏è I didn't understand the language. Please choose an option:",ASK_LANGUAGE,retry_language,2
5,2025-11-23T22:29:35.817Z,srv-1763936975816-763ad8e1c7b5f49fcb1a152803052552a83fcd2018a3b0d1a171a9407db5558e,ASK_LANGUAGE,es una notebook HP Pavilion,invalid_language,"‚ö†Ô∏è No entend√≠ el idioma. Por favor, eleg√≠ una opci√≥n: ‚ö†Ô∏è I didn't understand the language. Please choose an option:",ASK_LANGUAGE,retry_language,1
6,2025-11-23T22:29:36.339Z,srv-1763936976338-496b65b38a808ef87f664a011df57a3f18f169a0d9626f281c38d4241c129bbd,ASK_LANGUAGE,,invalid_language,"‚ö†Ô∏è No entend√≠ el idioma. Por favor, eleg√≠ una opci√≥n: ‚ö†Ô∏è I didn't understand the language. Please choose an option:",ASK_LANGUAGE,retry_language,1
7,2025-11-23T22:29:36.879Z,srv-1763936976878-547639a6e5e51583cc8b73175b1308aa3b6f0d3b92ca3c7e5496305938b05b25,ASK_LANGUAGE,,invalid_language,"‚ö†Ô∏è No entend√≠ el idioma. Por favor, eleg√≠ una opci√≥n: ‚ö†Ô∏è I didn't understand the language. Please choose an option:",ASK_LANGUAGE,retry_language,0
8,2025-11-23T22:29:37.398Z,srv-1763936977396-a5ff0ced20ce631999bdb96ad92cb717e21d1455b9f22557d113d8c25131e555,ASK_LANGUAGE,Roberto,invalid_language,"‚ö†Ô∏è No entend√≠ el idioma. Por favor, eleg√≠ una opci√≥n: ‚ö†Ô∏è I didn't understand the language. Please choose an option:",ASK_LANGUAGE,retry_language,2
9,2025-11-23T22:29:37.922Z,srv-1763936977921-26f26baab8731736837aeae613a75764824c5e30eba9d781e0137c30c323e1b5,ASK_LANGUAGE,,invalid_language,"‚ö†Ô∏è No entend√≠ el idioma. Por favor, eleg√≠ una opci√≥n: ‚ö†Ô∏è I didn't understand the language. Please choose an option:",ASK_LANGUAGE,retry_language,1
10,2025-11-23T22:29:38.447Z,srv-1763936978445-0e723b67e15eac908140d1374630635822b08da5b30bf051ca89177501cb6f29,ASK_LANGUAGE,necesito ayuda para instalar una app en mi stick tv,invalid_language,"‚ö†Ô∏è No entend√≠ el idioma. Por favor, eleg√≠ una opci√≥n: ‚ö†Ô∏è I didn't understand the language. Please choose an option:",ASK_LANGUAGE,retry_language,2
11,2025-11-23T22:29:38.967Z,srv-1763936978965-7f73bc0e930641f59e68333616d745b3efa223a49fe46be993cf7faa7ffc57e7,ASK_LANGUAGE,,invalid_language,"‚ö†Ô∏è No entend√≠ el idioma. Por favor, eleg√≠ una opci√≥n: ‚ö†Ô∏è I didn't understand the language. Please choose an option:",ASK_LANGUAGE,retry_language,1
12,2025-11-23T22:29:39.508Z,srv-1763936979507-6463042d951e3e3593f09c15c49e916effef41ff4b8fe40b031f22240e5f8807,ASK_LANGUAGE,,invalid_language,"‚ö†Ô∏è No entend√≠ el idioma. Por favor, eleg√≠ una opci√≥n: ‚ö†Ô∏è I didn't understand the language. Please choose an option:",ASK_LANGUAGE,retry_language,1
13,2025-11-23T22:29:40.036Z,srv-1763936980034-2dea7d9188025273b203481c4c1a2a32448e3b3e8ceea65c4143bf8c664b43ca,ASK_LANGUAGE,Heber,invalid_language,"‚ö†Ô∏è No entend√≠ el idioma. Por favor, eleg√≠ una opci√≥n: ‚ö†Ô∏è I didn't understand the language. Please choose an option:",ASK_LANGUAGE,retry_language,2
14,2025-11-23T22:29:40.560Z,srv-1763936980559-08099bc9fd47a254ac68c0d2d383e788b28d27923a0a52976e7a765cccb4e87f,ASK_LANGUAGE,,invalid_language,"‚ö†Ô∏è No entend√≠ el idioma. Por favor, eleg√≠ una opci√≥n: ‚ö†Ô∏è I didn't understand the language. Please choose an option:",ASK_LANGUAGE,retry_language,1
15,2025-11-23T22:29:41.086Z,srv-1763936981085-236efe07854b06e1c3a9bc190aaecfe23348afbec7b06336954df5b9fa881a49,ASK_LANGUAGE,asistencia para configurar una conexi√≥n wan en un microtik,invalid_language,"‚ö†Ô∏è No entend√≠ el idioma. Por favor, eleg√≠ una opci√≥n: ‚ö†Ô∏è I didn't understand the language. Please choose an option:",ASK_LANGUAGE,retry_language,1
16,2025-11-23T22:29:41.603Z,srv-1763936981601-862e792f913919de62616e4b27b88632266e19775bf4e00a1dadd0c79bdb56ba,ASK_LANGUAGE,MikroTik RB750Gr3,invalid_language,"‚ö†Ô∏è No entend√≠ el idioma. Por favor, eleg√≠ una opci√≥n: ‚ö†Ô∏è I didn't understand the language. Please choose an option:",ASK_LANGUAGE,retry_language,2
17,2025-11-23T22:29:42.130Z,srv-1763936982129-7057be97fa962aea21a2783373d7cacdf954aad61336c8e07dfe539c546d07bb,ASK_LANGUAGE,,invalid_language,"‚ö†Ô∏è No entend√≠ el idioma. Por favor, eleg√≠ una opci√≥n: ‚ö†Ô∏è I didn't understand the language. Please choose an option:",ASK_LANGUAGE,retry_language,1
18,2025-11-23T22:29:42.657Z,srv-1763936982656-705a859c74ad36918f6a759b049f64f534a68f0a38a34a9dd0bddaac3e676d83,ASK_LANGUAGE,,invalid_language,"‚ö†Ô∏è No entend√≠ el idioma. Por favor, eleg√≠ una opci√≥n: ‚ö†Ô∏è I didn't understand the language. Please choose an option:",ASK_LANGUAGE,retry_language,1
19,2025-11-23T22:29:43.202Z,srv-1763936983201-ae72680c47a33c09c7270df79864e8aa7dfd80d899eec9900610c06e19e807dd,ASK_LANGUAGE,,invalid_language,"‚ö†Ô∏è No entend√≠ el idioma. Por favor, eleg√≠ una opci√≥n: ‚ö†Ô∏è I didn't understand the language. Please choose an option:",ASK_LANGUAGE,retry_language,1
20,2025-11-23T22:29:43.727Z,srv-1763936983725-290d413a090351f03179afdd92ef8187414058d2400da63c25bba4a084c6c9fa,ASK_LANGUAGE,Valeria,invalid_language,"‚ö†Ô∏è No entend√≠ el idioma. Por favor, eleg√≠ una opci√≥n: ‚ö†Ô∏è I didn't understand the language. Please choose an option:",ASK_LANGUAGE,retry_language,2
21,2025-11-23T22:29:44.250Z,srv-1763936984249-78674c19f81ad9348c2c5284823cbdb7a12e6e494df6f64c6184acdc626e8f57,ASK_LANGUAGE,,invalid_language,"‚ö†Ô∏è No entend√≠ el idioma. Por favor, eleg√≠ una opci√≥n: ‚ö†Ô∏è I didn't understand the language. Please choose an option:",ASK_LANGUAGE,retry_language,1
22,2025-11-23T22:29:44.763Z,srv-1763936984762-c3c8b6d152b0c87ef414a02aeac9bced0411861e2ee6ad408efd76f20d372043,ASK_LANGUAGE,tu notebook no enciende,invalid_language,"‚ö†Ô∏è No entend√≠ el idioma. Por favor, eleg√≠ una opci√≥n: ‚ö†Ô∏è I didn't understand the language. Please choose an option:",ASK_LANGUAGE,retry_language,1
23,2025-11-23T22:29:45.291Z,srv-1763936985289-f450b2c4ba2d223c96d72c9c2ff683075e356a86a77d33ec8f202639dfcc0ef6,ASK_LANGUAGE,Dell Inspiron 15,invalid_language,"‚ö†Ô∏è No entend√≠ el idioma. Por favor, eleg√≠ una opci√≥n: ‚ö†Ô∏è I didn't understand the language. Please choose an option:",ASK_LANGUAGE,retry_language,2
24,2025-11-23T22:29:45.820Z,srv-1763936985817-c785ddb5df9d220ed93c67d7df666f8c12fb8766b7b66ddcdb82d9d501f678f5,ASK_LANGUAGE,,invalid_language,"‚ö†Ô∏è No entend√≠ el idioma. Por favor, eleg√≠ una opci√≥n: ‚ö†Ô∏è I didn't understand the language. Please choose an option:",ASK_LANGUAGE,retry_language,3
25,2025-11-23T22:29:46.344Z,srv-1763936986342-eb4f906811293c2ef3beaf1618bb15861c950394cc3ad0b761cd0b7b58f6c74f,ASK_LANGUAGE,,invalid_language,"‚ö†Ô∏è No entend√≠ el idioma. Por favor, eleg√≠ una opci√≥n: ‚ö†Ô∏è I didn't understand the language. Please choose an option:",ASK_LANGUAGE,retry_language,1
26,2025-11-23T22:29:46.869Z,srv-1763936986868-85c054eb0bf32db08e28f8170ce0b5a94dd04daed8b7c992a37b89c9e665e650,ASK_LANGUAGE,valeria@email.com,invalid_language,"‚ö†Ô∏è No entend√≠ el idioma. Por favor, eleg√≠ una opci√≥n: ‚ö†Ô∏è I didn't understand the language. Please choose an option:",ASK_LANGUAGE,retry_language,1
27,2025-11-23T22:29:47.383Z,srv-1763936987381-3f4ccab20939d7d01099e8f5508577dc711ab0b77a63342015f4f956b1ebeeb5,ASK_LANGUAGE,+54 9 11 1234-5678,invalid_language,"‚ö†Ô∏è No entend√≠ el idioma. Por favor, eleg√≠ una opci√≥n: ‚ö†Ô∏è I didn't understand the language. Please choose an option:",ASK_LANGUAGE,retry_language,1
28,2025-11-23T22:30:31.162Z,srv-1763937031161-e804f6553ff22a59cee59f67cfed99b5f6b251b18421a0485e8f4ce1cd0b8e08,ASK_LANGUAGE,[BTN] üá¶üá∑ Espa√±ol (Argentina),BTN_LANG_ES_AR,"üëã Hola, soy Tecnos, asistente inteligente de STI ‚Äî Servicio T√©cnico Inteligente. Puedo ayudarte con PC, notebooks, Wi‚ÄëFi, impresoras y algunos dis...",ASK_NAME,language_selected,1
29,2025-11-23T22:30:31.686Z,srv-1763937031684-f8b8e96819d3e498d088d12a7811821c5a6b3fb89054ef12e796c438052f01e0,ASK_LANGUAGE,[BTN] Prefiero no decirlo üôÖ,invalid_language,"‚ö†Ô∏è No entend√≠ el idioma. Por favor, eleg√≠ una opci√≥n: ‚ö†Ô∏è I didn't understand the language. Please choose an option:",ASK_LANGUAGE,retry_language,1
30,2025-11-23T22:30:32.214Z,srv-1763937032213-862c9dcb71fd77e097138fa5ab11ad2de02078decd53b7a1b63aed7992b0ff36,ASK_LANGUAGE,[BTN] Ayuda t√©cnica üõ†Ô∏è,invalid_language,"‚ö†Ô∏è No entend√≠ el idioma. Por favor, eleg√≠ una opci√≥n: ‚ö†Ô∏è I didn't understand the language. Please choose an option:",ASK_LANGUAGE,retry_language,1
31,2025-11-23T22:30:32.742Z,srv-1763937032741-0c3eb7ef05098ef9eb5530af9af6b7a27a2a68840b4752e3014c1d60bfe8a7f6,ASK_LANGUAGE,mi compu no enciende,invalid_language,"‚ö†Ô∏è No entend√≠ el idioma. Por favor, eleg√≠ una opci√≥n: ‚ö†Ô∏è I didn't understand the language. Please choose an option:",ASK_LANGUAGE,retry_language,1
32,2025-11-23T22:30:33.267Z,srv-1763937033266-b12e3af17cffd25d8d9eea4e9f4e1fa567300e57d91592c0ca2217603a54f6fc,ASK_LANGUAGE,es una notebook HP Pavilion,invalid_language,"‚ö†Ô∏è No entend√≠ el idioma. Por favor, eleg√≠ una opci√≥n: ‚ö†Ô∏è I didn't understand the language. Please choose an option:",ASK_LANGUAGE,retry_language,1
33,2025-11-23T22:30:33.790Z,srv-1763937033789-1a4d14fbc0c3fb4fa278c181bf040909de71194d831edf80395d49307030ef42,ASK_LANGUAGE,[BTN] BTN_TESTS_DONE,invalid_language,"‚ö†Ô∏è No entend√≠ el idioma. Por favor, eleg√≠ una opci√≥n: ‚ö†Ô∏è I didn't understand the language. Please choose an option:",ASK_LANGUAGE,retry_language,1
34,2025-11-23T22:30:34.331Z,srv-1763937034329-bc5026d446ff284ba32b31f1584e250286a97fa8884c666d2a561acefa9da11a,ASK_LANGUAGE,[BTN] üåé Espa√±ol,BTN_LANG_ES_ES,"üëã Hola, soy Tecnos, asistente inteligente de STI ‚Äî Servicio T√©cnico Inteligente. Puedo ayudarte con PC, notebooks, Wi‚ÄëFi, impresoras y algunos dis...",ASK_NAME,language_selected,2
35,2025-11-23T22:30:34.857Z,srv-1763937034856-f0a492d6aa790d7e1ce68552c2d57a675759de5e2ae9254f9644bf684ff95171,ASK_LANGUAGE,Roberto,invalid_language,"‚ö†Ô∏è No entend√≠ el idioma. Por favor, eleg√≠ una opci√≥n: ‚ö†Ô∏è I didn't understand the language. Please choose an option:",ASK_LANGUAGE,retry_language,1
36,2025-11-23T22:30:35.374Z,srv-1763937035373-340987e8f3f960bc58bd3857e1cf318254f2474496783e6762a923e2b82e09ca,ASK_LANGUAGE,[BTN] Asistencia ü§ù,invalid_language,"‚ö†Ô∏è No entend√≠ el idioma. Por favor, eleg√≠ una opci√≥n: ‚ö†Ô∏è I didn't understand the language. Please choose an option:",ASK_LANGUAGE,retry_language,1
37,2025-11-23T22:30:35.893Z,srv-1763937035892-b4d96bedfec361a1d2170fd420220236651e567aba7499f82b5ad75d54edd52c,ASK_LANGUAGE,necesito ayuda para instalar una app en mi stick tv,invalid_language,"‚ö†Ô∏è No entend√≠ el idioma. Por favor, eleg√≠ una opci√≥n: ‚ö†Ô∏è I didn't understand the language. Please choose an option:",ASK_LANGUAGE,retry_language,1
38,2025-11-23T22:30:36.416Z,srv-1763937036414-b639f1968069ba9ab01d2faac175df2a3628042f322e08a76549ef2b280a2f38,ASK_LANGUAGE,[BTN] üëç Ya lo solucion√©,invalid_language,"‚ö†Ô∏è No entend√≠ el idioma. Por favor, eleg√≠ una opci√≥n: ‚ö†Ô∏è I didn't understand the language. Please choose an option:",ASK_LANGUAGE,retry_language,2
39,2025-11-23T22:30:36.953Z,srv-1763937036952-bf9626c9128e2108fefaac6e1fc6259155531dc83ef9f825edfd6c8743d519ff,ASK_LANGUAGE,[BTN] üá¨üáß English,BTN_LANG_EN,"üëã Hi, I'm Tecnos, the intelligent assistant of STI ‚Äî Servicio T√©cnico Inteligente. I can help you with PCs, notebooks, Wi‚ÄëFi, printers and some TV...",ASK_NAME,language_selected,1
40,2025-11-23T22:30:37.476Z,srv-1763937037474-b483360f3dc4497ab087fe956b38e5b5fcacb6df377eb6b993eacbc161093893,ASK_LANGUAGE,Heber,invalid_language,"‚ö†Ô∏è No entend√≠ el idioma. Por favor, eleg√≠ una opci√≥n: ‚ö†Ô∏è I didn't understand the language. Please choose an option:",ASK_LANGUAGE,retry_language,2
41,2025-11-23T22:30:38.001Z,srv-1763937038000-0a25bcc4c7a7c063d6fd037742639fdd72debc1b96233a089119582c59e2c492,ASK_LANGUAGE,[BTN] Ayuda t√©cnica üõ†Ô∏è,invalid_language,"‚ö†Ô∏è No entend√≠ el idioma. Por favor, eleg√≠ una opci√≥n: ‚ö†Ô∏è I didn't understand the language. Please choose an option:",ASK_LANGUAGE,retry_language,1
42,2025-11-23T22:30:38.528Z,srv-1763937038526-fe53d4fc82234dbc33556e6c7bf969e91a58673feb45e07f8ea662ec2c7344ff,ASK_LANGUAGE,asistencia para configurar una conexi√≥n wan en un microtik,invalid_language,"‚ö†Ô∏è No entend√≠ el idioma. Por favor, eleg√≠ una opci√≥n: ‚ö†Ô∏è I didn't understand the language. Please choose an option:",ASK_LANGUAGE,retry_language,2
43,2025-11-23T22:30:39.053Z,srv-1763937039051-bd2ecaca1108a16691010116cf62f1303ce60485424d00964e032dc92e050573,ASK_LANGUAGE,MikroTik RB750Gr3,invalid_language,"‚ö†Ô∏è No entend√≠ el idioma. Por favor, eleg√≠ una opci√≥n: ‚ö†Ô∏è I didn't understand the language. Please choose an option:",ASK_LANGUAGE,retry_language,1
44,2025-11-23T22:30:39.580Z,srv-1763937039578-fac45635c77eef8d8183eacee9067ec6b97f9826c18760596f2d466369d91464,ASK_LANGUAGE,[BTN] BTN_TESTS_FAIL,invalid_language,"‚ö†Ô∏è No entend√≠ el idioma. Por favor, eleg√≠ una opci√≥n: ‚ö†Ô∏è I didn't understand the language. Please choose an option:",ASK_LANGUAGE,retry_language,2
45,2025-11-23T22:30:40.092Z,srv-1763937040091-cbfdee586ca8eda27aa29ec34d8dc85674154d0d5f1d4bc4b5896b0e9af15c02,ASK_LANGUAGE,[BTN] BTN_YES,invalid_language,"‚ö†Ô∏è No entend√≠ el idioma. Por favor, eleg√≠ una opci√≥n: ‚ö†Ô∏è I didn't understand the language. Please choose an option:",ASK_LANGUAGE,retry_language,1
46,2025-11-23T22:30:40.636Z,srv-1763937040635-01c074ece3dc26c730932ee6af02e865262b96d0238b4e848da5639f4a99872f,ASK_LANGUAGE,[BTN] üá¶üá∑ Espa√±ol (Argentina),BTN_LANG_ES_AR,"üëã Hola, soy Tecnos, asistente inteligente de STI ‚Äî Servicio T√©cnico Inteligente. Puedo ayudarte con PC, notebooks, Wi‚ÄëFi, impresoras y algunos dis...",ASK_NAME,language_selected,1
47,2025-11-23T22:30:41.162Z,srv-1763937041160-0838e5ae3a23e7f3fa73a972fa312283af1820aeb8b6b46d14520a628e0b7857,ASK_LANGUAGE,Valeria,invalid_language,"‚ö†Ô∏è No entend√≠ el idioma. Por favor, eleg√≠ una opci√≥n: ‚ö†Ô∏è I didn't understand the language. Please choose an option:",ASK_LANGUAGE,retry_language,1
48,2025-11-23T22:30:41.687Z,srv-1763937041686-bf74ae5a1b7015d33dcd391e8c6e8a0e2fdc76733524fbd1fb180630f41bd7aa,ASK_LANGUAGE,[BTN] Ayuda t√©cnica üõ†Ô∏è,invalid_language,"‚ö†Ô∏è No entend√≠ el idioma. Por favor, eleg√≠ una opci√≥n: ‚ö†Ô∏è I didn't understand the language. Please choose an option:",ASK_LANGUAGE,retry_language,1
49,2025-11-23T22:30:42.202Z,srv-1763937042200-16d07be063c1adc61a01f80b68e04727c5bcdf04b17724992e4f19cd935041ad,ASK_LANGUAGE,tu notebook no enciende,invalid_language,"‚ö†Ô∏è No entend√≠ el idioma. Por favor, eleg√≠ una opci√≥n: ‚ö†Ô∏è I didn't understand the language. Please choose an option:",ASK_LANGUAGE,retry_language,1
50,2025-11-23T22:30:42.730Z,srv-1763937042728-cef4b72482ea5a5d69ce15fbf05847e7917270534ff5060df5976111a665db51,ASK_LANGUAGE,Dell Inspiron 15,invalid_language,"‚ö†Ô∏è No entend√≠ el idioma. Por favor, eleg√≠ una opci√≥n: ‚ö†Ô∏è I didn't understand the language. Please choose an option:",ASK_LANGUAGE,retry_language,2
51,2025-11-23T22:30:43.258Z,srv-1763937043257-ed31e4ad268d859aa1da8ef567cc6d4ea8b0824091942c2e068f36e7d8d89638,ASK_LANGUAGE,[BTN] BTN_TESTS_FAIL,invalid_language,"‚ö†Ô∏è No entend√≠ el idioma. Por favor, eleg√≠ una opci√≥n: ‚ö†Ô∏è I didn't understand the language. Please choose an option:",ASK_LANGUAGE,retry_language,1
52,2025-11-23T22:30:43.786Z,srv-1763937043785-1376ecab41452a12707bc49e91129b4005ab48751abd419324778e6b66a5fe0d,ASK_LANGUAGE,[BTN] BTN_YES,invalid_language,"‚ö†Ô∏è No entend√≠ el idioma. Por favor, eleg√≠ una opci√≥n: ‚ö†Ô∏è I didn't understand the language. Please choose an option:",ASK_LANGUAGE,retry_language,1
53,2025-11-23T22:30:44.314Z,srv-1763937044312-c41b1736f1054df9a0affb1fc003444a33a089ca9f5d28665df21f85f12364f0,ASK_LANGUAGE,valeria@email.com,invalid_language,"‚ö†Ô∏è No entend√≠ el idioma. Por favor, eleg√≠ una opci√≥n: ‚ö†Ô∏è I didn't understand the language. Please choose an option:",ASK_LANGUAGE,retry_language,2
54,2025-11-23T22:30:44.840Z,srv-1763937044838-f8add9a63af56a4ca6a0596961190ee3b45eea4e45dcd8270443853d994baff2,ASK_LANGUAGE,+54 9 11 1234-5678,invalid_language,"‚ö†Ô∏è No entend√≠ el idioma. Por favor, eleg√≠ una opci√≥n: ‚ö†Ô∏è I didn't understand the language. Please choose an option:",ASK_LANGUAGE,retry_language,1
55,2025-11-23T22:32:02.547Z,srv-1763937122546-64d089e7c49f4865172689a1d13db28a7532977589eb39cbcce355e3ee376499,ASK_LANGUAGE,[BTN] üá¶üá∑ Espa√±ol (Argentina),BTN_LANG_ES_AR,"üëã Hola, soy Tecnos, asistente inteligente de STI ‚Äî Servicio T√©cnico Inteligente. Puedo ayudarte con PC, notebooks, Wi‚ÄëFi, impresoras y algunos dis...",ASK_NAME,language_selected,1
56,2025-11-23T22:32:03.070Z,srv-1763937123068-27e6e40f5986d638af2d7fee273fd693c86c76255a9d0d370473ff79b0ed9434,ASK_LANGUAGE,[BTN] Prefiero no decirlo üôÖ,invalid_language,"‚ö†Ô∏è No entend√≠ el idioma. Por favor, eleg√≠ una opci√≥n: ‚ö†Ô∏è I didn't understand the language. Please choose an option:",ASK_LANGUAGE,retry_language,2
57,2025-11-23T22:32:03.597Z,srv-1763937123595-64282da2ed7165bdd3bd5692e6d10a011e3a27d69145a871e8b79151a7753908,ASK_LANGUAGE,[BTN] Ayuda t√©cnica üõ†Ô∏è,invalid_language,"‚ö†Ô∏è No entend√≠ el idioma. Por favor, eleg√≠ una opci√≥n: ‚ö†Ô∏è I didn't understand the language. Please choose an option:",ASK_LANGUAGE,retry_language,2
58,2025-11-23T22:32:04.124Z,srv-1763937124122-6e13d8066f9f47d96a2816215c2224ebf8dae8a2552047ec82a42232d23f6d1a,ASK_LANGUAGE,mi compu no enciende,invalid_language,"‚ö†Ô∏è No entend√≠ el idioma. Por favor, eleg√≠ una opci√≥n: ‚ö†Ô∏è I didn't understand the language. Please choose an option:",ASK_LANGUAGE,retry_language,1
59,2025-11-23T22:32:04.651Z,srv-1763937124649-0d230b70ce645524044151ecd0e4df761e1e3d31da6336a0ae3940b2a4adde66,ASK_LANGUAGE,es una notebook HP Pavilion,invalid_language,"‚ö†Ô∏è No entend√≠ el idioma. Por favor, eleg√≠ una opci√≥n: ‚ö†Ô∏è I didn't understand the language. Please choose an option:",ASK_LANGUAGE,retry_language,2
60,2025-11-23T22:32:05.181Z,srv-1763937125179-d13e76e037aa7f64593d2bb02c989608d594a62ccd0fe8bf2260531d53ec27a4,ASK_LANGUAGE,[BTN] BTN_TESTS_DONE,invalid_language,"‚ö†Ô∏è No entend√≠ el idioma. Por favor, eleg√≠ una opci√≥n: ‚ö†Ô∏è I didn't understand the language. Please choose an option:",ASK_LANGUAGE,retry_language,2
61,2025-11-23T22:32:05.720Z,srv-1763937125719-5136dc38c2057df9c59f2cc0265f96acdc47884bbaf67ecb0c2592c0e8b567af,ASK_LANGUAGE,[BTN] üåé Espa√±ol,BTN_LANG_ES_ES,"üëã Hola, soy Tecnos, asistente inteligente de STI ‚Äî Servicio T√©cnico Inteligente. Puedo ayudarte con PC, notebooks, Wi‚ÄëFi, impresoras y algunos dis...",ASK_NAME,language_selected,1
62,2025-11-23T22:32:06.248Z,srv-1763937126246-da470b72a8d86f96284f1cc6bcd92073f6efa018723ee6a1111c54bd46e06d2e,ASK_LANGUAGE,Roberto,invalid_language,"‚ö†Ô∏è No entend√≠ el idioma. Por favor, eleg√≠ una opci√≥n: ‚ö†Ô∏è I didn't understand the language. Please choose an option:",ASK_LANGUAGE,retry_language,2
63,2025-11-23T22:32:06.773Z,srv-1763937126771-e09f3eb6d59c7a39f988ea2c0cd77f849c367a51ee7a720ff07e2a9e742439df,ASK_LANGUAGE,[BTN] Asistencia ü§ù,invalid_language,"‚ö†Ô∏è No entend√≠ el idioma. Por favor, eleg√≠ una opci√≥n: ‚ö†Ô∏è I didn't understand the language. Please choose an option:",ASK_LANGUAGE,retry_language,1
64,2025-11-23T22:32:07.297Z,srv-1763937127296-3d651f8ac29259e738f5f2eca0a39f86289192fcc504c0da706e9dfb8a01df3c,ASK_LANGUAGE,necesito ayuda para instalar una app en mi stick tv,invalid_language,"‚ö†Ô∏è No entend√≠ el idioma. Por favor, eleg√≠ una opci√≥n: ‚ö†Ô∏è I didn't understand the language. Please choose an option:",ASK_LANGUAGE,retry_language,1
65,2025-11-23T22:32:07.815Z,srv-1763937127813-22c678e40b0f9ae7bfb553de96b24fefaf9d1dbd6de52435ddc1ef7a9e815144,ASK_LANGUAGE,[BTN] üëç Ya lo solucion√©,invalid_language,"‚ö†Ô∏è No entend√≠ el idioma. Por favor, eleg√≠ una opci√≥n: ‚ö†Ô∏è I didn't understand the language. Please choose an option:",ASK_LANGUAGE,retry_language,2
66,2025-11-23T22:32:08.351Z,srv-1763937128350-646a15fce1eca417d593b49094f7f5c3ef0681b4ef36498bde6724205dd0c476,ASK_LANGUAGE,[BTN] üá¨üáß English,BTN_LANG_EN,"üëã Hi, I'm Tecnos, the intelligent assistant of STI ‚Äî Servicio T√©cnico Inteligente. I can help you with PCs, notebooks, Wi‚ÄëFi, printers and some TV...",ASK_NAME,language_selected,1
67,2025-11-23T22:32:08.872Z,srv-1763937128870-4492bae67576025ed6decb1c84d8118854918c9b50323208860a23626f7f550d,ASK_LANGUAGE,Heber,invalid_language,"‚ö†Ô∏è No entend√≠ el idioma. Por favor, eleg√≠ una opci√≥n: ‚ö†Ô∏è I didn't understand the language. Please choose an option:",ASK_LANGUAGE,retry_language,1
68,2025-11-23T22:32:09.385Z,srv-1763937129384-f62ca0499259961648cded662dcfcb4a644a20e0ca8ef78417af9e2a6e7315c5,ASK_LANGUAGE,[BTN] Ayuda t√©cnica üõ†Ô∏è,invalid_language,"‚ö†Ô∏è No entend√≠ el idioma. Por favor, eleg√≠ una opci√≥n: ‚ö†Ô∏è I didn't understand the language. Please choose an option:",ASK_LANGUAGE,retry_language,1
69,2025-11-23T22:32:09.906Z,srv-1763937129905-ff0fb6bd0f7c60ba4fd9a0c0a66a94e32083b08b0b4f6ffca5db02b21a172614,ASK_LANGUAGE,asistencia para configurar una conexi√≥n wan en un microtik,invalid_language,"‚ö†Ô∏è No entend√≠ el idioma. Por favor, eleg√≠ una opci√≥n: ‚ö†Ô∏è I didn't understand the language. Please choose an option:",ASK_LANGUAGE,retry_language,1
70,2025-11-23T22:32:10.430Z,srv-1763937130428-a8cbc0aef2bc9e4cdbc03567bd3a963ffd090e07e2806c974e9f3fbfd29132d7,ASK_LANGUAGE,MikroTik RB750Gr3,invalid_language,"‚ö†Ô∏è No entend√≠ el idioma. Por favor, eleg√≠ una opci√≥n: ‚ö†Ô∏è I didn't understand the language. Please choose an option:",ASK_LANGUAGE,retry_language,1
71,2025-11-23T22:32:10.958Z,srv-1763937130956-15de315d5b029ff1964b4b1d72d9fbd0f7abb5bfdd04d77b7c565359ab109fd6,ASK_LANGUAGE,[BTN] BTN_TESTS_FAIL,invalid_language,"‚ö†Ô∏è No entend√≠ el idioma. Por favor, eleg√≠ una opci√≥n: ‚ö†Ô∏è I didn't understand the language. Please choose an option:",ASK_LANGUAGE,retry_language,1
72,2025-11-23T22:32:11.477Z,srv-1763937131475-415302b7a00b2065ed2aceaaa1556c888a33ff22b387f1a41a60b715885b8c44,ASK_LANGUAGE,[BTN] BTN_YES,invalid_language,"‚ö†Ô∏è No entend√≠ el idioma. Por favor, eleg√≠ una opci√≥n: ‚ö†Ô∏è I didn't understand the language. Please choose an option:",ASK_LANGUAGE,retry_language,1
73,2025-11-23T22:32:12.021Z,srv-1763937132020-0cb8266b3c00e644481d282307d92a95883623e9b9e02b2020fb7ab2281d0e86,ASK_LANGUAGE,[BTN] üá¶üá∑ Espa√±ol (Argentina),BTN_LANG_ES_AR,"üëã Hola, soy Tecnos, asistente inteligente de STI ‚Äî Servicio T√©cnico Inteligente. Puedo ayudarte con PC, notebooks, Wi‚ÄëFi, impresoras y algunos dis...",ASK_NAME,language_selected,0
74,2025-11-23T22:32:12.545Z,srv-1763937132544-bbaee74a2327cd39677602112e81be755d54608ec370bfa6af9a2624ff3e02d3,ASK_LANGUAGE,Valeria,invalid_language,"‚ö†Ô∏è No entend√≠ el idioma. Por favor, eleg√≠ una opci√≥n: ‚ö†Ô∏è I didn't understand the language. Please choose an option:",ASK_LANGUAGE,retry_language,1
75,2025-11-23T22:32:13.063Z,srv-1763937133061-fbfbb3eff4033fa6e11333f37a8af0434a2b570dde67595f2bf03ab26a671f88,ASK_LANGUAGE,[BTN] Ayuda t√©cnica üõ†Ô∏è,invalid_language,"‚ö†Ô∏è No entend√≠ el idioma. Por favor, eleg√≠ una opci√≥n: ‚ö†Ô∏è I didn't understand the language. Please choose an option:",ASK_LANGUAGE,retry_language,2
76,2025-11-23T22:32:13.586Z,srv-1763937133585-6a3440f6620fef70b31216329dfe0f218550a0b8d7c1369d39b5bbe5d6387d7c,ASK_LANGUAGE,tu notebook no enciende,invalid_language,"‚ö†Ô∏è No entend√≠ el idioma. Por favor, eleg√≠ una opci√≥n: ‚ö†Ô∏è I didn't understand the language. Please choose an option:",ASK_LANGUAGE,retry_language,1
77,2025-11-23T22:32:14.112Z,srv-1763937134111-df77c23ee05b9613e04cfd6cf96fa47cfe9111530767d5b091d3daa13be7f798,ASK_LANGUAGE,Dell Inspiron 15,invalid_language,"‚ö†Ô∏è No entend√≠ el idioma. Por favor, eleg√≠ una opci√≥n: ‚ö†Ô∏è I didn't understand the language. Please choose an option:",ASK_LANGUAGE,retry_language,1
78,2025-11-23T22:32:14.637Z,srv-1763937134636-4b3c53f810037bb55add4b7d52833dd564bbe8a4c65e7fe7c71149f9f6915a4e,ASK_LANGUAGE,[BTN] BTN_TESTS_FAIL,invalid_language,"‚ö†Ô∏è No entend√≠ el idioma. Por favor, eleg√≠ una opci√≥n: ‚ö†Ô∏è I didn't understand the language. Please choose an option:",ASK_LANGUAGE,retry_language,1
79,2025-11-23T22:32:15.167Z,srv-1763937135165-a77fbef2ad8fcdabe915ee84b3b7457264bd2a9ddd318b7bc6e8f5a00dc6abbf,ASK_LANGUAGE,[BTN] BTN_YES,invalid_language,"‚ö†Ô∏è No entend√≠ el idioma. Por favor, eleg√≠ una opci√≥n: ‚ö†Ô∏è I didn't understand the language. Please choose an option:",ASK_LANGUAGE,retry_language,1
80,2025-11-23T22:32:15.687Z,srv-1763937135685-641fb4980b5f8fe41e79c555f63f8957924bdceda1c9db67130799abe386e3cd,ASK_LANGUAGE,valeria@email.com,invalid_language,"‚ö†Ô∏è No entend√≠ el idioma. Por favor, eleg√≠ una opci√≥n: ‚ö†Ô∏è I didn't understand the language. Please choose an option:",ASK_LANGUAGE,retry_language,1
81,2025-11-23T22:32:16.213Z,srv-1763937136211-83df9b355d60a5b70070bf511bcda15ccc7a57febb7469634a635d9f3020e0b2,ASK_LANGUAGE,+54 9 11 1234-5678,invalid_language,"‚ö†Ô∏è No entend√≠ el idioma. Por favor, eleg√≠ una opci√≥n: ‚ö†Ô∏è I didn't understand the language. Please choose an option:",ASK_LANGUAGE,retry_language,2
82,2025-11-23T22:34:02.318Z,srv-1763937242309-8226f34727b1c05d02c2028ad2bf963e3b4de8881c7473bb3e0d902d5589e883,ASK_LANGUAGE,[BTN] üá¶üá∑ Espa√±ol (Argentina),BTN_LANG_ES_AR,"üëã Hola, soy Tecnos, asistente inteligente de STI ‚Äî Servicio T√©cnico Inteligente. Puedo ayudarte con PC, notebooks, Wi‚ÄëFi, impresoras y algunos dis...",ASK_NAME,language_selected,3
83,2025-11-23T22:34:02.838Z,srv-1763937242836-796b831bcfe7cf1851a3cc70ae35a8fc00f7ec90c62a0736715c8db7d3762634,ASK_LANGUAGE,[BTN] Prefiero no decirlo üôÖ,invalid_language,"‚ö†Ô∏è No entend√≠ el idioma. Por favor, eleg√≠ una opci√≥n: ‚ö†Ô∏è I didn't understand the language. Please choose an option:",ASK_LANGUAGE,retry_language,2
84,2025-11-23T22:34:03.365Z,srv-1763937243363-d81189244dbbdc685f7ae874ef6e6136ebacc1cda0cc40722cce346dcde86c22,ASK_LANGUAGE,[BTN] Ayuda t√©cnica üõ†Ô∏è,invalid_language,"‚ö†Ô∏è No entend√≠ el idioma. Por favor, eleg√≠ una opci√≥n: ‚ö†Ô∏è I didn't understand the language. Please choose an option:",ASK_LANGUAGE,retry_language,2
85,2025-11-23T22:34:03.896Z,srv-1763937243890-d35253fa9aedd44cae8226d06e8b9f38377f2abac232144cf452fe9036765be1,ASK_LANGUAGE,mi compu no enciende,invalid_language,"‚ö†Ô∏è No entend√≠ el idioma. Por favor, eleg√≠ una opci√≥n: ‚ö†Ô∏è I didn't understand the language. Please choose an option:",ASK_LANGUAGE,retry_language,6
86,2025-11-23T22:34:04.438Z,srv-1763937244433-25857d42a793216a8e35eef1c30d4bcd517a317098a314f5f3aa985794d8fef9,ASK_LANGUAGE,es una notebook HP Pavilion,invalid_language,"‚ö†Ô∏è No entend√≠ el idioma. Por favor, eleg√≠ una opci√≥n: ‚ö†Ô∏è I didn't understand the language. Please choose an option:",ASK_LANGUAGE,retry_language,4
87,2025-11-23T22:34:04.966Z,srv-1763937244962-e552d7d4beffbf499feb25990abf9a88d66c9500a7c0bccded066df2fadf5c2f,ASK_LANGUAGE,[BTN] BTN_TESTS_DONE,invalid_language,"‚ö†Ô∏è No entend√≠ el idioma. Por favor, eleg√≠ una opci√≥n: ‚ö†Ô∏è I didn't understand the language. Please choose an option:",ASK_LANGUAGE,retry_language,4
88,2025-11-23T22:34:05.537Z,srv-1763937245534-f306c7c1eb1c4c5359279525a6ff8d3c49130581d7d3f58367fa19fe958d961f,ASK_LANGUAGE,[BTN] üåé Espa√±ol,BTN_LANG_ES_ES,"üëã Hola, soy Tecnos, asistente inteligente de STI ‚Äî Servicio T√©cnico Inteligente. Puedo ayudarte con PC, notebooks, Wi‚ÄëFi, impresoras y algunos dis...",ASK_NAME,language_selected,2
89,2025-11-23T22:34:06.065Z,srv-1763937246060-26e5ead51b4ba5a11ed90f62388c7dfaac14b0fc8d1c7757365c8da8990f589e,ASK_LANGUAGE,Roberto,invalid_language,"‚ö†Ô∏è No entend√≠ el idioma. Por favor, eleg√≠ una opci√≥n: ‚ö†Ô∏è I didn't understand the language. Please choose an option:",ASK_LANGUAGE,retry_language,5
90,2025-11-23T22:34:06.610Z,srv-1763937246605-bf5fb764af9ccc63c95726855c8794245944f0a719a7f5d2f761642ac043808e,ASK_LANGUAGE,[BTN] Asistencia ü§ù,invalid_language,"‚ö†Ô∏è No entend√≠ el idioma. Por favor, eleg√≠ una opci√≥n: ‚ö†Ô∏è I didn't understand the language. Please choose an option:",ASK_LANGUAGE,retry_language,5
91,2025-11-23T22:34:07.153Z,srv-1763937247145-f7791e478508eb073cb24a9a44629629b291e243fbad5a74ec9e23c8ae9a9689,ASK_LANGUAGE,necesito ayuda para instalar una app en mi stick tv,invalid_language,"‚ö†Ô∏è No entend√≠ el idioma. Por favor, eleg√≠ una opci√≥n: ‚ö†Ô∏è I didn't understand the language. Please choose an option:",ASK_LANGUAGE,retry_language,8
92,2025-11-23T22:34:07.688Z,srv-1763937247684-637351ddaa681b753f1fe1550c2668579e94f1b3f7115418bc29b447beebea01,ASK_LANGUAGE,[BTN] üëç Ya lo solucion√©,invalid_language,"‚ö†Ô∏è No entend√≠ el idioma. Por favor, eleg√≠ una opci√≥n: ‚ö†Ô∏è I didn't understand the language. Please choose an option:",ASK_LANGUAGE,retry_language,4
93,2025-11-23T22:34:08.234Z,srv-1763937248232-9e9601928dcc615d45c3cf622a2f73a7666ac5bf023ee13713b8ee1f9df8de95,ASK_LANGUAGE,[BTN] üá¨üáß English,BTN_LANG_EN,"üëã Hi, I'm Tecnos, the intelligent assistant of STI ‚Äî Servicio T√©cnico Inteligente. I can help you with PCs, notebooks, Wi‚ÄëFi, printers and some TV...",ASK_NAME,language_selected,2
94,2025-11-23T22:34:08.779Z,srv-1763937248774-f3d43b25a6fef46b4dd21a74e68d990914f233c4beae2e760084b1c768d95134,ASK_LANGUAGE,Heber,invalid_language,"‚ö†Ô∏è No entend√≠ el idioma. Por favor, eleg√≠ una opci√≥n: ‚ö†Ô∏è I didn't understand the language. Please choose an option:",ASK_LANGUAGE,retry_language,5
95,2025-11-23T22:34:09.321Z,srv-1763937249316-cba23da60ff27b00665e45ccda7928317bbd5b4636a1dd1987564e58005902d2,ASK_LANGUAGE,[BTN] Ayuda t√©cnica üõ†Ô∏è,invalid_language,"‚ö†Ô∏è No entend√≠ el idioma. Por favor, eleg√≠ una opci√≥n: ‚ö†Ô∏è I didn't understand the language. Please choose an option:",ASK_LANGUAGE,retry_language,5
96,2025-11-23T22:34:09.854Z,srv-1763937249844-ad24efcae5cb6568dbb7ef24966d144b6fea8143b4c9a395159b5879cfa6990c,ASK_LANGUAGE,asistencia para configurar una conexi√≥n wan en un microtik,invalid_language,"‚ö†Ô∏è No entend√≠ el idioma. Por favor, eleg√≠ una opci√≥n: ‚ö†Ô∏è I didn't understand the language. Please choose an option:",ASK_LANGUAGE,retry_language,10
97,2025-11-23T22:34:10.388Z,srv-1763937250384-c09c091a458976d43b2a05d23676d36687408b1d9341825585d6a2fa5894341e,ASK_LANGUAGE,MikroTik RB750Gr3,invalid_language,"‚ö†Ô∏è No entend√≠ el idioma. Por favor, eleg√≠ una opci√≥n: ‚ö†Ô∏è I didn't understand the language. Please choose an option:",ASK_LANGUAGE,retry_language,4
98,2025-11-23T22:34:10.919Z,srv-1763937250915-0ee5bb8c57b5945f2412337445cd28e69bd6785881284818b623f66757c21288,ASK_LANGUAGE,[BTN] BTN_TESTS_FAIL,invalid_language,"‚ö†Ô∏è No entend√≠ el idioma. Por favor, eleg√≠ una opci√≥n: ‚ö†Ô∏è I didn't understand the language. Please choose an option:",ASK_LANGUAGE,retry_language,4
99,2025-11-23T22:34:11.448Z,srv-1763937251444-47ab0ba303d9a4c83e1e3ef9e2e3f555751e9c9d8f9fe20dc81ffba4a5d66f22,ASK_LANGUAGE,[BTN] BTN_YES,invalid_language,"‚ö†Ô∏è No entend√≠ el idioma. Por favor, eleg√≠ una opci√≥n: ‚ö†Ô∏è I didn't understand the language. Please choose an option:",ASK_LANGUAGE,retry_language,4
100,2025-11-23T22:34:12.008Z,srv-1763937252006-3f23c264e056f74af7402d79514ef4a32809d2f91698763ce2f7417520a330b9,ASK_LANGUAGE,[BTN] üá¶üá∑ Espa√±ol (Argentina),BTN_LANG_ES_AR,"üëã Hola, soy Tecnos, asistente inteligente de STI ‚Äî Servicio T√©cnico Inteligente. Puedo ayudarte con PC, notebooks, Wi‚ÄëFi, impresoras y algunos dis...",ASK_NAME,language_selected,2
101,2025-11-23T22:34:12.554Z,srv-1763937252548-e3e3355f8d60cbb44647b89af8deaf7906e9cb9ccf353a01481e9f13be801901,ASK_LANGUAGE,Valeria,invalid_language,"‚ö†Ô∏è No entend√≠ el idioma. Por favor, eleg√≠ una opci√≥n: ‚ö†Ô∏è I didn't understand the language. Please choose an option:",ASK_LANGUAGE,retry_language,6
102,2025-11-23T22:34:13.092Z,srv-1763937253089-9e95164d80edf68e7c362af83050bea71aee36f1f9cd1389b054af258000d026,ASK_LANGUAGE,[BTN] Ayuda t√©cnica üõ†Ô∏è,invalid_language,"‚ö†Ô∏è No entend√≠ el idioma. Por favor, eleg√≠ una opci√≥n: ‚ö†Ô∏è I didn't understand the language. Please choose an option:",ASK_LANGUAGE,retry_language,3
103,2025-11-23T22:34:13.624Z,srv-1763937253620-81856458440582e8248d5a68920039ca4be089818bdb6d8a9b7e55b8376d59b1,ASK_LANGUAGE,tu notebook no enciende,invalid_language,"‚ö†Ô∏è No entend√≠ el idioma. Por favor, eleg√≠ una opci√≥n: ‚ö†Ô∏è I didn't understand the language. Please choose an option:",ASK_LANGUAGE,retry_language,4
104,2025-11-23T22:34:14.170Z,srv-1763937254162-caffce9198c3f034765542a714a783f6dd0d7249c9c27329ff2b76ec942c6762,ASK_LANGUAGE,Dell Inspiron 15,invalid_language,"‚ö†Ô∏è No entend√≠ el idioma. Por favor, eleg√≠ una opci√≥n: ‚ö†Ô∏è I didn't understand the language. Please choose an option:",ASK_LANGUAGE,retry_language,8
105,2025-11-23T22:34:14.709Z,srv-1763937254705-9b48b32422cda08ce6825fafd9cf076e8375e68f0a9b3cca35cf6b9ea9e9c0cf,ASK_LANGUAGE,[BTN] BTN_TESTS_FAIL,invalid_language,"‚ö†Ô∏è No entend√≠ el idioma. Por favor, eleg√≠ una opci√≥n: ‚ö†Ô∏è I didn't understand the language. Please choose an option:",ASK_LANGUAGE,retry_language,4
106,2025-11-23T22:34:15.248Z,srv-1763937255244-3d1dc01d6b3f82524424259b75b53419a1c73cf68d9c075bfb1e3cf20b774145,ASK_LANGUAGE,[BTN] BTN_YES,invalid_language,"‚ö†Ô∏è No entend√≠ el idioma. Por favor, eleg√≠ una opci√≥n: ‚ö†Ô∏è I didn't understand the language. Please choose an option:",ASK_LANGUAGE,retry_language,3
107,2025-11-23T22:34:15.778Z,srv-1763937255774-01414d209d2f203967356ea9b498bc19cdad40325c0187fb6fd8ff185564626b,ASK_LANGUAGE,valeria@email.com,invalid_language,"‚ö†Ô∏è No entend√≠ el idioma. Por favor, eleg√≠ una opci√≥n: ‚ö†Ô∏è I didn't understand the language. Please choose an option:",ASK_LANGUAGE,retry_language,4
108,2025-11-23T22:34:16.322Z,srv-1763937256317-19c294726984c7fe5cd5ea267d8b7e9005c3c64d3bacc2faf59e9220eba708d9,ASK_LANGUAGE,+54 9 11 1234-5678,invalid_language,"‚ö†Ô∏è No entend√≠ el idioma. Por favor, eleg√≠ una opci√≥n: ‚ö†Ô∏è I didn't understand the language. Please choose an option:",ASK_LANGUAGE,retry_language,5
109,2025-11-23T22:35:43.442Z,srv-1763937343438-1dd91c5b47c82428519e6116e8721bec867fdf55a7b81ac0c5f3bd8bc69ae28f,ASK_LANGUAGE,[BTN] üá¶üá∑ Espa√±ol (Argentina),BTN_LANG_ES_AR,"üëã Hola, soy Tecnos, asistente inteligente de STI ‚Äî Servicio T√©cnico Inteligente. Puedo ayudarte con PC, notebooks, Wi‚ÄëFi, impresoras y algunos dis...",ASK_NAME,language_selected,4
110,2025-11-23T22:35:43.987Z,srv-1763937343980-bfe42e925548d0ce436ab46b1fe521f5a864098a40de435886973243cf4447b4,ASK_LANGUAGE,[BTN] Prefiero no decirlo üôÖ,invalid_language,"‚ö†Ô∏è No entend√≠ el idioma. Por favor, eleg√≠ una opci√≥n: ‚ö†Ô∏è I didn't understand the language. Please choose an option:",ASK_LANGUAGE,retry_language,7
111,2025-11-23T22:35:44.521Z,srv-1763937344517-7499adedd64ad7f6a5fba75c59dd011d910d0943ba8c9bbcb53b3880bd75a99e,ASK_LANGUAGE,[BTN] Ayuda t√©cnica üõ†Ô∏è,invalid_language,"‚ö†Ô∏è No entend√≠ el idioma. Por favor, eleg√≠ una opci√≥n: ‚ö†Ô∏è I didn't understand the language. Please choose an option:",ASK_LANGUAGE,retry_language,3
112,2025-11-23T22:35:45.055Z,srv-1763937345050-6025f91c3f2b82ffb0fe865713c5afc048c7b5c486441427321481ed266155eb,ASK_LANGUAGE,mi compu no enciende,invalid_language,"‚ö†Ô∏è No entend√≠ el idioma. Por favor, eleg√≠ una opci√≥n: ‚ö†Ô∏è I didn't understand the language. Please choose an option:",ASK_LANGUAGE,retry_language,4
113,2025-11-23T22:35:45.604Z,srv-1763937345600-5fc74f35820a17148ebb60d47eeb339545015a8c7db56642bdb1c527c6c7c10b,ASK_LANGUAGE,es una notebook HP Pavilion,invalid_language,"‚ö†Ô∏è No entend√≠ el idioma. Por favor, eleg√≠ una opci√≥n: ‚ö†Ô∏è I didn't understand the language. Please choose an option:",ASK_LANGUAGE,retry_language,4
114,2025-11-23T22:35:46.144Z,srv-1763937346140-2c758cda97ee78e9f2adbc097c5e055605c09883b75846350a16ee434ad7d60c,ASK_LANGUAGE,[BTN] BTN_TESTS_DONE,invalid_language,"‚ö†Ô∏è No entend√≠ el idioma. Por favor, eleg√≠ una opci√≥n: ‚ö†Ô∏è I didn't understand the language. Please choose an option:",ASK_LANGUAGE,retry_language,4
115,2025-11-23T22:35:46.696Z,srv-1763937346694-bef39843b6a174698424ebd4a2f1ca8773579098362a5070a486eb0e54b1188d,ASK_LANGUAGE,[BTN] üåé Espa√±ol,BTN_LANG_ES_ES,"üëã Hola, soy Tecnos, asistente inteligente de STI ‚Äî Servicio T√©cnico Inteligente. Puedo ayudarte con PC, notebooks, Wi‚ÄëFi, impresoras y algunos dis...",ASK_NAME,language_selected,2
116,2025-11-23T22:35:47.237Z,srv-1763937347233-57e9122794836dd81c508ef0680610d27a011a7bb6e8d24e7ad7de5ec7e5d731,ASK_LANGUAGE,Roberto,invalid_language,"‚ö†Ô∏è No entend√≠ el idioma. Por favor, eleg√≠ una opci√≥n: ‚ö†Ô∏è I didn't understand the language. Please choose an option:",ASK_LANGUAGE,retry_language,4
117,2025-11-23T22:35:47.765Z,srv-1763937347760-f4add0e1362bc047bfc8bbfbcf2bcadd4654eea3f1e17976986e4fbdee6a8269,ASK_LANGUAGE,[BTN] Asistencia ü§ù,invalid_language,"‚ö†Ô∏è No entend√≠ el idioma. Por favor, eleg√≠ una opci√≥n: ‚ö†Ô∏è I didn't understand the language. Please choose an option:",ASK_LANGUAGE,retry_language,5
118,2025-11-23T22:35:48.298Z,srv-1763937348294-7cae02bb9e6b34af4d2d478361defc5c7b00b8a62c643c05076c25f55bbe20d1,ASK_LANGUAGE,necesito ayuda para instalar una app en mi stick tv,invalid_language,"‚ö†Ô∏è No entend√≠ el idioma. Por favor, eleg√≠ una opci√≥n: ‚ö†Ô∏è I didn't understand the language. Please choose an option:",ASK_LANGUAGE,retry_language,4
119,2025-11-23T22:35:48.832Z,srv-1763937348826-3fb40e14dd42978c4ee4569f9afceccf9ee245f008b8a0f000c12a5c74fd533f,ASK_LANGUAGE,[BTN] üëç Ya lo solucion√©,invalid_language,"‚ö†Ô∏è No entend√≠ el idioma. Por favor, eleg√≠ una opci√≥n: ‚ö†Ô∏è I didn't understand the language. Please choose an option:",ASK_LANGUAGE,retry_language,6
120,2025-11-23T22:35:49.392Z,srv-1763937349391-4360da54ab06401d87e6250dad21c3e6ac4d2dd7cf2913868c37a63ead8c6523,ASK_LANGUAGE,[BTN] üá¨üáß English,BTN_LANG_EN,"üëã Hi, I'm Tecnos, the intelligent assistant of STI ‚Äî Servicio T√©cnico Inteligente. I can help you with PCs, notebooks, Wi‚ÄëFi, printers and some TV...",ASK_NAME,language_selected,1
121,2025-11-23T22:35:49.932Z,srv-1763937349927-610a16d5f6dbfcc2d9e512d90ab508e1f833e19ba5ac90974d632d2d4ad3945c,ASK_LANGUAGE,Heber,invalid_language,"‚ö†Ô∏è No entend√≠ el idioma. Por favor, eleg√≠ una opci√≥n: ‚ö†Ô∏è I didn't understand the language. Please choose an option:",ASK_LANGUAGE,retry_language,5
122,2025-11-23T22:35:50.459Z,srv-1763937350455-dd56d0e1e1b18d458dbe1177c5fb4ef34b1d553b4bdf68b0dcce3439590550b5,ASK_LANGUAGE,[BTN] Ayuda t√©cnica üõ†Ô∏è,invalid_language,"‚ö†Ô∏è No entend√≠ el idioma. Por favor, eleg√≠ una opci√≥n: ‚ö†Ô∏è I didn't understand the language. Please choose an option:",ASK_LANGUAGE,retry_language,4
123,2025-11-23T22:35:51.004Z,srv-1763937350998-ecca024f387887a680efb2477f5eb9ba3b3b2b115349e4d945be228b2e958e7e,ASK_LANGUAGE,asistencia para configurar una conexi√≥n wan en un microtik,invalid_language,"‚ö†Ô∏è No entend√≠ el idioma. Por favor, eleg√≠ una opci√≥n: ‚ö†Ô∏è I didn't understand the language. Please choose an option:",ASK_LANGUAGE,retry_language,6
124,2025-11-23T22:35:51.544Z,srv-1763937351540-dda33bb5a991fb5464e34ddaf18cbe15aa6e2085057172f1ba4023e698985ef7,ASK_LANGUAGE,MikroTik RB750Gr3,invalid_language,"‚ö†Ô∏è No entend√≠ el idioma. Por favor, eleg√≠ una opci√≥n: ‚ö†Ô∏è I didn't understand the language. Please choose an option:",ASK_LANGUAGE,retry_language,4
125,2025-11-23T22:35:52.087Z,srv-1763937352078-302944263af3bda64100cebe501c39445e4151385ebe1bd62a4fc12b5e7e00c7,ASK_LANGUAGE,[BTN] BTN_TESTS_FAIL,invalid_language,"‚ö†Ô∏è No entend√≠ el idioma. Por favor, eleg√≠ una opci√≥n: ‚ö†Ô∏è I didn't understand the language. Please choose an option:",ASK_LANGUAGE,retry_language,9
126,2025-11-23T22:35:52.626Z,srv-1763937352622-25de679f7fb6d55381febc506d413e009b860e9dab7459788b5cbadbbe596e46,ASK_LANGUAGE,[BTN] BTN_YES,invalid_language,"‚ö†Ô∏è No entend√≠ el idioma. Por favor, eleg√≠ una opci√≥n: ‚ö†Ô∏è I didn't understand the language. Please choose an option:",ASK_LANGUAGE,retry_language,4
127,2025-11-23T22:35:53.191Z,srv-1763937353189-4cce8f617356d38938a7d7b07dcb3a7aaa2d35793e294dec0e3631457dfe8d11,ASK_LANGUAGE,[BTN] üá¶üá∑ Espa√±ol (Argentina),BTN_LANG_ES_AR,"üëã Hola, soy Tecnos, asistente inteligente de STI ‚Äî Servicio T√©cnico Inteligente. Puedo ayudarte con PC, notebooks, Wi‚ÄëFi, impresoras y algunos dis...",ASK_NAME,language_selected,2
128,2025-11-23T22:35:53.727Z,srv-1763937353723-eee2bee6afd73183fe937807ddba4a44a6c72fecc769b5d52a6453faf0573f61,ASK_LANGUAGE,Valeria,invalid_language,"‚ö†Ô∏è No entend√≠ el idioma. Por favor, eleg√≠ una opci√≥n: ‚ö†Ô∏è I didn't understand the language. Please choose an option:",ASK_LANGUAGE,retry_language,4
129,2025-11-23T22:35:54.270Z,srv-1763937354265-e8f0c6be7dd7f4a96bb7f63740350dca7c41c196ea0cfa66afa89e24c12471b1,ASK_LANGUAGE,[BTN] Ayuda t√©cnica üõ†Ô∏è,invalid_language,"‚ö†Ô∏è No entend√≠ el idioma. Por favor, eleg√≠ una opci√≥n: ‚ö†Ô∏è I didn't understand the language. Please choose an option:",ASK_LANGUAGE,retry_language,5
130,2025-11-23T22:35:54.798Z,srv-1763937354793-3f546096500f4dcc8947bec87163a63b890aa5023dc11edbab9ea5027250c09a,ASK_LANGUAGE,tu notebook no enciende,invalid_language,"‚ö†Ô∏è No entend√≠ el idioma. Por favor, eleg√≠ una opci√≥n: ‚ö†Ô∏è I didn't understand the language. Please choose an option:",ASK_LANGUAGE,retry_language,4
131,2025-11-23T22:35:55.339Z,srv-1763937355335-3571bfa50ffae4e538820225c7c8a0792b855d733d4be42ef8b9914dc6826099,ASK_LANGUAGE,Dell Inspiron 15,invalid_language,"‚ö†Ô∏è No entend√≠ el idioma. Por favor, eleg√≠ una opci√≥n: ‚ö†Ô∏è I didn't understand the language. Please choose an option:",ASK_LANGUAGE,retry_language,4
132,2025-11-23T22:35:55.879Z,srv-1763937355875-b3a4d7c70843325ec5c98e34c5ffb095f283995cfd133f78c95e3bee109d0e55,ASK_LANGUAGE,[BTN] BTN_TESTS_FAIL,invalid_language,"‚ö†Ô∏è No entend√≠ el idioma. Por favor, eleg√≠ una opci√≥n: ‚ö†Ô∏è I didn't understand the language. Please choose an option:",ASK_LANGUAGE,retry_language,4
133,2025-11-23T22:35:56.425Z,srv-1763937356419-41562d4f793d571986af870dfcd1cda7cf36b44fdeac31ca096479ea7e347c47,ASK_LANGUAGE,[BTN] BTN_YES,invalid_language,"‚ö†Ô∏è No entend√≠ el idioma. Por favor, eleg√≠ una opci√≥n: ‚ö†Ô∏è I didn't understand the language. Please choose an option:",ASK_LANGUAGE,retry_language,6
134,2025-11-23T22:35:56.967Z,srv-1763937356962-5594e9dd5a2abbe596e97f7dea1047fd272d172a682e47b28ed0ab95f2d2a810,ASK_LANGUAGE,valeria@email.com,invalid_language,"‚ö†Ô∏è No entend√≠ el idioma. Por favor, eleg√≠ una opci√≥n: ‚ö†Ô∏è I didn't understand the language. Please choose an option:",ASK_LANGUAGE,retry_language,5
135,2025-11-23T22:35:57.504Z,srv-1763937357501-5deff785638f3f8b9e201b55a3e00f08f36c316dfcd517452f701b9fb2262125,ASK_LANGUAGE,+54 9 11 1234-5678,invalid_language,"‚ö†Ô∏è No entend√≠ el idioma. Por favor, eleg√≠ una opci√≥n: ‚ö†Ô∏è I didn't understand the language. Please choose an option:",ASK_LANGUAGE,retry_language,3
136,2025-11-23T22:36:51.407Z,srv-1763937411356-6b548a3e746bbc134b1a2005c44be261c2633bad4eed499b09e2d0599ebf1e97,ASK_LANGUAGE,[BTN] üá¶üá∑ Espa√±ol (Argentina),BTN_LANG_ES_AR,"üëã Hola, soy Tecnos, asistente inteligente de STI ‚Äî Servicio T√©cnico Inteligente. Puedo ayudarte con PC, notebooks, Wi‚ÄëFi, impresoras y algunos dis...",ASK_NAME,language_selected,3
