ID_ESTADO;NOMBRE_ESTADO_HUMANO;DESCRIPCION_FUNCIONAL;MENSAJE_BOT_VISIBLE;TIPO_DE_ENTRADA_ESPERADA;EJEMPLOS_ENTRADA_USUARIO;BOTONES_VISIBLES_ETIQUETA;BOTONES_TOKENS_INTERNOS;SIGUIENTE_ESTADO_OK;SIGUIENTE_ESTADO_ERROR;REGLAS_DE_VALIDACION;CONDICIONES_ESPECIALES;DERIVACION_O_ESCALADO;TONO_Y_ESTILO;PRIORIDAD_MEJORA;NOTAS_DEL_HUMANO;VARIABLES_ACTUALIZADAS;FUENTE_MENSAJE;CAMPOS_TICKET_AFECTADOS;BOTONES_CONDICION
ASK_LANGUAGE;Selecci√≥n de idioma + GDPR;Obtener consentimiento GDPR y elegir idioma;"ES: ‚úÖ Gracias por aceptar. üåç Eleg√≠ tu idioma para seguir. Sin consentimiento no puedo continuar. EN: ‚úÖ Thanks for accepting. üåç Pick your language to continue. Without consent I cannot continue.";TEXTO_LIBRE,BOTON;"s√≠ acepto; no acepto; espa√±ol; english";"Espa√±ol; English";"BTN_LANG_ES_AR, BTN_LANG_EN";"BTN_LANG_ES_AR ‚Üí ASK_NAME | BTN_LANG_EN ‚Üí ASK_NAME | Aceptaci√≥n por texto mantiene ASK_LANGUAGE hasta idioma";"Rechazo ‚Üí ENDED; no entendido ‚Üí ASK_LANGUAGE";"Requiere match de consentimiento antes de avanzar";"Mantener en estado hasta idioma; no entendido reintenta";"Rechazo GDPR corta chat (END_CONVERSATION)";"Biling√ºe informal profesional con emojis, trato de vos en ES";ALTA;;"gdprConsent, locale";flows/flowDefinition.js;;"Botones visibles solo tras consentimiento"
ASK_NAME;Solicitar nombre o anonimato;Capturar nombre o aceptar usuario an√≥nimo;"ES: ¬øC√≥mo te llam√°s? üòä Pod√©s seguir an√≥nimo si quer√©s. EN: What‚Äôs your name? üòä You can stay anonymous if you prefer.";TEXTO_LIBRE,BOTON;"Sof√≠a; prefiero no decir; omit√≠ mi nombre";"Prefiero no decir mi nombre";"BTN_NO_NAME";"BTN_NO_NAME ‚Üí ASK_NEED | Nombre v√°lido ‚Üí ASK_NEED";"Nombre inv√°lido/no entendido ‚Üí MISMO_ESTADO (validaci√≥n)";"Validaci√≥n con isValidName en orchestrator; regex de anonimato";"Permite anonimato expl√≠cito";"";"Informal profesional con emojis, trato de vos";ALTA;;"userName (o null)";flows/flowDefinition.js;"Nombre puede poblar ticket";"Bot√≥n siempre visible"
ASK_NEED;Tipo de necesidad (problema o consulta);Determinar si es problema t√©cnico o consulta/how-to;"ES: ¬øTen√©s un problema t√©cnico o una consulta? EN: Do you have a tech problem or a question?";TEXTO_LIBRE,BOTON;"tengo un problema; es una consulta; how to install";"Tengo un problema; Es una consulta";"BTN_PROBLEMA, BTN_CONSULTA";"BTN_PROBLEMA ‚Üí ASK_DEVICE; BTN_CONSULTA ‚Üí ASK_HOWTO_DETAILS; texto problema/consulta idem";"Ambiguo ‚Üí CLASSIFY_NEED; no entendido ‚Üí CLASSIFY_NEED/ASK_NEED";"Regex problema/consulta";"Puede invocar clasificaci√≥n AI";"";"Informal profesional con emojis";ALTA;"Unificar copy con CLASSIFY_NEED para evitar repetici√≥n";"needType";flows/flowDefinition.js;"Tipo de necesidad para ticket";"Botones siempre visibles"
CLASSIFY_NEED;Clasificar necesidad con AI;Usar smartAnalysis para decidir problema vs consulta;"ES: Eleg√≠ si ten√©s un problema t√©cnico o una consulta. EN: Choose if you have a technical issue or a question.";TEXTO_LIBRE,BOTON;"no anda la pc; quiero aprender a configurar";"Problema; Consulta";"BTN_PROBLEMA, BTN_CONSULTA";"AI problem ‚Üí ASK_DEVICE; AI howto ‚Üí ASK_HOWTO_DETAILS; fallback con botones ‚Üí ASK_NEED";"Fallback sin confianza ‚Üí ASK_NEED";"Depende de smartAnalysis.intention";"Mostrar botones solo si baja confianza";"";"Informal profesional con emojis";MEDIA;"Evitar doble pregunta; fallback breve con botones";"needType (AI)";flows/flowDefinition.js;"Tipo de necesidad para ticket";"Botones solo en fallback de baja confianza"
ASK_DEVICE;Elegir tipo de dispositivo;Capturar dispositivo (desktop/all-in-one/notebook) antes de pedir problema;"ES: üìå ¬øQu√© tipo de equipo es? Eleg√≠ o contame. EN: üìå What type of device is it? Pick or tell me.";TEXTO_LIBRE,BOTON,IMAGEN;"notebook; pc de escritorio; all in one; foto del equipo";"PC de escritorio; All-in-one; Notebook";"BTN_DEV_PC_DESKTOP, BTN_DEV_PC_ALLINONE, BTN_DEV_NOTEBOOK";"BTN_DEV_* ‚Üí ASK_PROBLEM; texto/imagen detecta device ‚Üí ASK_PROBLEM";"Ambiguo ‚Üí DETECT_DEVICE; bot√≥n desconocido ‚Üí ASK_DEVICE";"Regex dispositivo; smartAnalysis.device; Vision device";"Si ambiguo dispara desambiguaci√≥n";"";"Informal profesional con emojis";ALTA;"Agregar instrucci√≥n corta para fotos: foto frontal del equipo";"device";flows/flowDefinition.js;"Dispositivo en ticket";"Botones siempre; usar imagen opcional si usuario la env√≠a"
DETECT_DEVICE;Desambiguar dispositivo;Resolver ambig√ºedad de tipo de dispositivo;"ES: No me qued√≥ claro el tipo de equipo. Decime si es PC de escritorio, All-in-one o Notebook. EN: I‚Äôm not sure which device you have. Tell me if it is a desktop PC, all-in-one, or notebook.";TEXTO_LIBRE;"es una all in one; es notebook";"";"";"PROCESS_DISAMBIGUATION ‚Üí ASK_PROBLEM";"MISMO_ESTADO si no hay claridad";"Apoya en deviceDetection";"Se usa solo si hubo ambig√ºedad previa";"";"Neutro breve";BAJA;"Opcional: agregar botones de dispositivo si se necesita en el futuro";"device";flows/flowDefinition.js;"Dispositivo en ticket";"Se usa tras ambig√ºedad; sin botones actuales"
ASK_PROBLEM;Describir problema t√©cnico;Registrar problema gen√©rico (texto o imagen) y pasar a pruebas b√°sicas;"ES: Contame qu√© problema tiene tu equipo. Pod√©s mandar una foto/captura si ayuda. EN: Tell me the issue with your device. You can send a photo/screenshot if it helps.";TEXTO_LIBRE,IMAGEN;"no enciende; pantalla azul; error 0x0000; foto del error";;;"GENERATE_DIAGNOSTIC ‚Üí BASIC_TESTS; imagen error ‚Üí BASIC_TESTS; pedir mejor imagen ‚Üí ASK_PROBLEM";"Imagen de baja calidad ‚Üí ASK_PROBLEM";"";"Vision: detecta error o pide nueva foto";"";"Informal profesional con emojis";MEDIA;"Confirma con resumen corto y avanza a pruebas b√°sicas";"problem, imageAnalysis";flows/flowDefinition.js;"Descripci√≥n del problema para ticket";"‚Äî"
ASK_HOWTO_DETAILS;Detalles de consulta HOWTO;Recoger qu√© quiere aprender/configurar;"ES: Contame qu√© quer√©s hacer o configurar. Decime OS/modelo si aplica. Pod√©s mandar captura. EN: Tell me what you want to do or set up. Share OS/model if relevant. You can send a screenshot.";TEXTO_LIBRE,IMAGEN;"configurar impresora; instalar Office; c√≥mo compartir wifi; captura pantalla";;;"GENERATE_HOWTO";"MISMO_ESTADO si la imagen no sirve (reintentar)";"";"Puede usar Vision screenDetected";"";"Informal profesional con emojis";MEDIA;"Incluye resumen corto de la consulta antes de generar gu√≠a";"query, imageAnalysis";flows/flowDefinition.js;"Consulta puede poblar ticket";"‚Äî"
GENERATE_HOWTO;Generar gu√≠a HOWTO;Generar pasos para la consulta;"ES: Generando tu gu√≠a con pasos claros. Dame un momento‚Ä¶ EN: Creating your guide now. One moment‚Ä¶";TEXTO_LIBRE;"(sistema)";"";"";"CREATE_HOWTO_GUIDE ‚Üí ENDED";"MISMO_ESTADO si falla generaci√≥n (no definido)";"";"";"Neutro, conciso";MEDIA;"Incluir siempre resumen breve + pasos numerados + tiempo estimado";"howtoGuide";flows/flowDefinition.js;;"‚Äî"
BASIC_TESTS;Pruebas b√°sicas;Guiar y recoger resultado de pruebas b√°sicas;"ES: Probemos lo b√°sico. Avisame si se solucion√≥ o si sigue. EN: Let‚Äôs try basics. Tell me if it‚Äôs fixed or still broken.";TEXTO_LIBRE,BOTON;"ya se arregl√≥; sigue igual; necesito m√°s pruebas; conectar t√©cnico";"Se solucion√≥; Sigue el problema; Pruebas avanzadas; Conectar con t√©cnico; Cerrar chat";"BTN_SOLVED, BTN_PERSIST, BTN_ADVANCED_TESTS, BTN_MORE_TESTS, BTN_CONNECT_TECH, BTN_CLOSE";"BTN_SOLVED ‚Üí ENDED; BTN_PERSIST ‚Üí ESCALATE; BTN_ADVANCED_TESTS/BTN_MORE_TESTS ‚Üí ADVANCED_TESTS; BTN_CONNECT_TECH ‚Üí CREATE_TICKET";"No entendido ‚Üí BASIC_TESTS";"Regex afirmaci√≥n/negaci√≥n";"Puede saltar a ADVANCED_TESTS; ofrece t√©cnico";"BTN_CONNECT_TECH ‚Üí CREATE_TICKET; BTN_CLOSE ‚Üí ENDED";"Informal profesional con emojis";ALTA;"Agregar mensaje de no entendido √∫nico y breve; opcional checklist de 2-3 pasos b√°sicos antes de botones";"problemStatus";flows/flowDefinition.js;"Estado del problema para ticket";"BTN_CLOSE aparece tras persistencia; resto siempre"
ADVANCED_TESTS;Pruebas avanzadas;Recolectar resultado de pruebas avanzadas y decidir escalado;"ES: ¬øSirvieron las pruebas avanzadas? EN: Did the advanced checks help?";TEXTO_LIBRE,BOTON;"ya funciona; sigue fallando; necesito t√©cnico";"Se solucion√≥; Sigue el problema; Conectar con t√©cnico";"BTN_SOLVED, BTN_PERSIST, BTN_CONNECT_TECH";"BTN_SOLVED ‚Üí ENDED; BTN_PERSIST/BTN_CONNECT_TECH ‚Üí CREATE_TICKET";"No entendido ‚Üí ADVANCED_TESTS";"Regex afirmaci√≥n/negaci√≥n";"";"BTN_CONNECT_TECH ‚Üí CREATE_TICKET";"Informal profesional con emojis";MEDIA;"A√±adir opci√≥n de repetir pasos o volver a b√°sicos si el usuario lo pide";"problemStatus";flows/flowDefinition.js;"Estado del problema para ticket";"‚Äî"
ESCALATE;Escalamiento;Ofrecer m√°s pruebas o conexi√≥n con t√©cnico o cerrar;"ES: ¬øQuer√©s m√°s pruebas o hablar con un t√©cnico? EN: More tests or a technician?";TEXTO_LIBRE,BOTON;"m√°s pruebas; t√©cnico; cerrar";"M√°s pruebas; T√©cnico; Cerrar chat";"BTN_MORE_TESTS, BTN_ADVANCED_TESTS, BTN_CONNECT_TECH, BTN_CLOSE";"BTN_MORE_TESTS/BTN_ADVANCED_TESTS ‚Üí ADVANCED_TESTS; BTN_CONNECT_TECH ‚Üí CREATE_TICKET; BTN_CLOSE ‚Üí ENDED";"No entendido ‚Üí ESCALATE";"";"‚Äî";"BTN_CONNECT_TECH ‚Üí CREATE_TICKET; BTN_CLOSE ‚Üí ENDED";"Informal profesional con emojis";ALTA;"Evitar loops: si ya ofreci√≥ avanzadas, sugerir directo t√©cnico; copy claro de cierre";"escalationChoice";flows/flowDefinition.js;"Deriva a ticket";"‚Äî"
CREATE_TICKET;Crear ticket;Generar ticket de soporte;"ES: ‚úÖ Registro este problema como ticket interno con el contexto que tenemos. Si quer√©s hablar con un t√©cnico ahora, us√° el bot√≥n ""Hablar con t√©cnico"" para escribirnos por WhatsApp. EN: ‚úÖ I‚Äôm logging this issue as an internal ticket with the context we have. If you want to talk with a technician now, use the ""Talk to a technician"" button to write to us on WhatsApp.";TEXTO_LIBRE;"(sistema)";"";"";"GENERATE_TICKET ‚Üí TICKET_SENT";"MISMO_ESTADO si falla (no definido)";"";"";"Neutro, breve";PENDIENTE;"Confirmar qu√© campos m√≠nimos se env√≠an (nombre, dispositivo, problema, contacto)";"ticketData";flows/flowDefinition.js;"Ticket completo";"‚Äî"
TICKET_SENT;Ticket enviado;Confirmar ticket interno y guiar al bot√≥n t√©cnico;"ES: ‚úÖ Ticket interno creado. Si quer√©s hablar con un t√©cnico, us√° el bot√≥n ""Hablar con t√©cnico"" y escribinos por WhatsApp con el contexto. EN: ‚úÖ Internal ticket created. To talk with a technician, use the ""Talk to a technician"" button and write to us on WhatsApp with the context.";TEXTO_LIBRE;"ok gracias";"";"";"END_CONVERSATION ‚Üí ENDED";"MISMO_ESTADO si error";"";"";"Informal profesional con emojis";MEDIA;"Agregar ID de ticket si est√° disponible en la respuesta";"ticketId";flows/flowDefinition.js;"Ticket confirmado";"‚Äî"
ENDED;Conversaci√≥n finalizada;Manejar cierre y permitir reinicio;"ES: Chat finalizado. Escrib√≠ ""hola"" para reiniciar. EN: Chat ended. Say ""hi"" to restart.";TEXTO_LIBRE;"hola; necesito ayuda; thanks";"Problema; Consulta (al reiniciar)";"BTN_PROBLEMA, BTN_CONSULTA";"Reinicio detectado ‚Üí ASK_NEED; de lo contrario permanece";"No entendido ‚Üí ENDED";"Regex saludo para reinicio";"Permite reiniciar desde fin";"";"Informal profesional con emojis";ALTA;"Asegurar que el mensaje de cierre recuerde que puede reiniciar; evitar responder en bucle sin valor";"";flows/flowDefinition.js;;"Botones solo al reiniciar"
